{
	"format_version": "1.8.0",
	"animations": {
		"animation.model.new": {
			"loop": true,
			"animation_length": 4.20833,
			"bones": {
				"human2": {
					"rotation": {
						"0.0": {
							"vector": [0, 32.5, 0]
						},
						"0.5": {
							"vector": [0, 32.5, 0]
						},
						"0.9167": {
							"vector": [0, 162.5, 0]
						},
						"1.0833": {
							"vector": [0, 162.5, 0],
							"easing": "easeOutQuad"
						},
						"1.2917": {
							"vector": [-5, 147.5, 15]
						},
						"1.5": {
							"vector": [-5, 147.5, 15]
						},
						"1.6667": {
							"vector": [-5, 147.5, 0]
						},
						"1.7917": {
							"vector": [-5, 147.5, 0]
						},
						"1.9583": {
							"vector": [-5, 147.5, 15]
						},
						"2.1667": {
							"vector": [-5, 147.5, 15]
						},
						"2.4167": {
							"vector": [-7.5, 147.5, 15]
						},
						"2.9167": {
							"vector": [-7.5, 147.5, 15],
							"easing": "easeInQuad"
						},
						"3.9583": {
							"vector": [25, 197.5, -65],
							"easing": "easeInExpo"
						}
					},
					"position": {
						"0.0": {
							"vector": [2, -1, 0]
						},
						"0.5": {
							"vector": [2, -1, 0]
						},
						"0.7083": {
							"vector": [5, -1, 2]
						},
						"0.9167": {
							"vector": [4, -1, 3]
						},
						"1.5": {
							"vector": [2, -1, 3]
						},
						"1.7083": {
							"vector": [1, -4, 3]
						},
						"1.9583": {
							"vector": [0, -4, 3]
						},
						"2.1667": {
							"vector": [0, -4, 3]
						},
						"2.4167": {
							"vector": [-2, -1, 3]
						},
						"2.5833": {
							"vector": [-2, -1, 3]
						},
						"2.6667": {
							"vector": [-2, 1, 3]
						},
						"2.7917": {
							"vector": [-2, -1, 3]
						},
						"2.9167": {
							"vector": [-2, -1, 3],
							"easing": "easeInQuad"
						},
						"3.9583": {
							"vector": [1, -1, 0],
							"easing": "easeInExpo"
						}
					}
				},
				"LeftLeg2": {
					"rotation": {
						"0.0": {
							"vector": [-9.94548, -1.29256, -12.33045]
						},
						"0.6667": {
							"vector": [-9.95, -1.29, -12.33]
						},
						"0.875": {
							"vector": [-24.95, -1.29, -12.33]
						},
						"1.0833": {
							"vector": [-19.95, -1.29, -12.33]
						},
						"1.2917": {
							"vector": [-7.07829, 5.56145, -11.55922],
							"easing": "easeOutExpo"
						},
						"1.5": {
							"vector": [-7.08, 5.56, -11.56]
						},
						"1.7083": {
							"vector": [-32.46, 4.79, -20.45]
						},
						"2.0833": {
							"vector": [-12.46, 4.79, -20.45]
						},
						"2.1667": {
							"vector": [-12.46, 4.79, -20.45]
						},
						"2.4167": {
							"vector": [-1.15285, 7.3575, -8.14613]
						},
						"3.125": {
							"vector": [-1.15, 7.36, -8.15]
						},
						"3.9583": {
							"vector": [1.12883, 7.36326, 9.4966]
						}
					},
					"position": {
						"0.6667": {
							"vector": [0, 0, 0]
						},
						"1.0833": {
							"vector": [0, 0, -1]
						},
						"1.5": {
							"vector": [0, 0, -1]
						},
						"2.1667": {
							"vector": [0, 0, -1]
						}
					}
				},
				"LeftLegHalf2": {
					"rotation": {
						"0.0": {
							"vector": [27.5, 0, 0]
						},
						"0.6667": {
							"vector": [27.5, 0, 0]
						},
						"0.875": {
							"vector": [57.5, 0, 0]
						},
						"1.0833": {
							"vector": [27.5, 0, 0]
						},
						"1.2917": {
							"vector": [14.25623, -10.05633, 6.80565]
						},
						"1.5": {
							"vector": [14.26, -10.06, 6.81]
						},
						"1.7083": {
							"vector": [29.26, -10.06, 6.81]
						},
						"1.9583": {
							"vector": [6.76, -10.06, 6.81]
						},
						"2.1667": {
							"vector": [6.76, -10.06, 6.81]
						},
						"3.3333": {
							"vector": [6.76, -10.06, 6.81]
						}
					}
				},
				"RightLeg2": {
					"rotation": {
						"0.0": {
							"vector": [-5, 0, 5]
						},
						"0.4583": {
							"vector": [0, 0, 5],
							"easing": "easeInOutQuad"
						},
						"0.5833": {
							"vector": [-23.75, 0, 5]
						},
						"0.7083": {
							"vector": [-12.5, 0, 5]
						},
						"1.0833": {
							"vector": [-12.5, 0, 5]
						},
						"1.2083": {
							"vector": [-0.01897, -0.21699, 9.99534]
						},
						"1.3333": {
							"vector": [12.20481, -2.57519, 24.76269]
						},
						"1.7917": {
							"vector": [4.7, -2.58, 24.76]
						},
						"1.9583": {
							"vector": [27.2, -2.58, 24.76]
						},
						"2.1667": {
							"vector": [27.2, -2.58, 24.76]
						},
						"2.4167": {
							"vector": [17.2, -2.58, 24.76]
						},
						"2.6667": {
							"vector": [17.2, -2.58, 24.76]
						},
						"2.7917": {
							"vector": [4.7, -2.58, 24.76]
						},
						"3.3333": {
							"vector": [4.7, -2.58, 24.76]
						},
						"4.0417": {
							"vector": [-40.93489, -8.43849, 5.53908]
						}
					},
					"position": {
						"0.0": {
							"vector": [0, 0, 0]
						},
						"0.4583": {
							"vector": [0, 0, -1],
							"easing": "easeInOutQuad"
						},
						"0.7083": {
							"vector": [0, 0, 1]
						}
					}
				},
				"RightLegHalf2": {
					"rotation": {
						"0.0": {
							"vector": [15, 0, 0]
						},
						"0.4583": {
							"vector": [15, 0, 0]
						},
						"0.5833": {
							"vector": [42.5, 0, 0]
						},
						"0.7083": {
							"vector": [25, 0, 0]
						},
						"1.0833": {
							"vector": [25, 0, 0]
						},
						"1.2083": {
							"vector": [60, 0, 0]
						},
						"1.3333": {
							"vector": [22.5, 0, 0]
						},
						"1.7917": {
							"vector": [35, 0, 0]
						},
						"2.4167": {
							"vector": [17.5, 0, 0]
						},
						"3.3333": {
							"vector": [17.5, 0, 0]
						},
						"3.75": {
							"vector": [60, 0, 0]
						}
					}
				},
				"Body2": {
					"rotation": {
						"0.0": {
							"vector": [2.5, 0, 0]
						},
						"0.4583": {
							"vector": [2.56062, -12.48791, -0.55404],
							"easing": "easeInOutQuad"
						},
						"0.75": {
							"vector": [2.88614, 29.96852, 1.44261]
						},
						"1.0833": {
							"vector": [2.89, 29.97, 1.44],
							"easing": "easeInOutQuad"
						},
						"1.375": {
							"vector": [-5.33808, 51.60056, 3.93682],
							"easing": "easeOutExpo"
						},
						"1.5": {
							"vector": [-5.34, 51.6, 3.94]
						},
						"1.6667": {
							"vector": [26.4298, 14.86442, 23.43978],
							"easing": "easeOutQuad"
						},
						"1.7917": {
							"vector": [26.43, 14.86, 23.44]
						},
						"2.0833": {
							"vector": [6.26657, 7.40585, 22.5954],
							"easing": "easeOutQuad"
						},
						"2.1667": {
							"vector": [6.27, 7.41, 22.6]
						},
						"2.4167": {
							"vector": [13.77, 7.41, 22.6]
						},
						"2.5833": {
							"vector": [13.77, 7.41, 22.6]
						},
						"2.6667": {
							"vector": [8.77, 7.41, 22.6],
							"easing": "easeOutCubic"
						},
						"2.7917": {
							"vector": [13.77, 7.41, 22.6],
							"easing": "easeOutCubic"
						},
						"3.2917": {
							"vector": [13.77, 7.41, 22.6]
						},
						"3.6667": {
							"vector": [29.53136, 2.52936, 31.36379],
							"easing": "easeInQuad"
						},
						"3.8333": {
							"vector": [29.53, 2.53, 31.36]
						},
						"4.0": {
							"vector": [25.16556, -5.84057, 20.81164],
							"easing": "easeInOutBounce"
						}
					},
					"position": {
						"2.5833": {
							"vector": [0, 0, 0]
						},
						"2.6667": {
							"vector": [0, 0, -1],
							"easing": "easeOutCubic"
						},
						"2.7917": {
							"vector": [0, 0, 0],
							"easing": "easeOutCubic"
						}
					}
				},
				"Head2": {
					"rotation": {
						"0.0": {
							"vector": [2.5, 0, 0]
						},
						"0.25": {
							"vector": [2.58807, -14.98539, -0.66963]
						},
						"0.4583": {
							"vector": [2.59, -14.99, -0.67]
						},
						"0.7083": {
							"vector": [2.56242, 12.48326, 0.55456]
						},
						"0.9583": {
							"vector": [2.82013, -27.47621, -1.30165]
						},
						"1.5": {
							"vector": [2.82, -27.48, -1.3]
						},
						"1.6667": {
							"vector": [25.32, -27.48, -1.3]
						},